-- phpMyAdmin SQL Dump
-- version 5.2.0
-- https://www.phpmyadmin.net/
--
-- Host: 127.0.0.1
-- Generation Time: Dec 06, 2023 at 10:54 AM
-- Server version: 10.4.27-MariaDB
-- PHP Version: 8.2.0

SET SQL_MODE = "NO_AUTO_VALUE_ON_ZERO";
START TRANSACTION;
SET time_zone = "+00:00";


/*!40101 SET @OLD_CHARACTER_SET_CLIENT=@@CHARACTER_SET_CLIENT */;
/*!40101 SET @OLD_CHARACTER_SET_RESULTS=@@CHARACTER_SET_RESULTS */;
/*!40101 SET @OLD_COLLATION_CONNECTION=@@COLLATION_CONNECTION */;
/*!40101 SET NAMES utf8mb4 */;

--
-- Database: `shop_db`
--

-- --------------------------------------------------------

--
-- Table structure for table `admins`
--

CREATE TABLE `admins` (
  `id` int(100) NOT NULL,
  `name` varchar(20) NOT NULL,
  `password` varchar(50) NOT NULL
) ENGINE=InnoDB DEFAULT CHARSET=utf8mb4 COLLATE=utf8mb4_general_ci;

--
-- Dumping data for table `admins`
--

INSERT INTO `admins` (`id`, `name`, `password`) VALUES
(1, 'admin', '6216f8a75fd5bb3d5f22b6f9958cdede3fc086c2');

-- --------------------------------------------------------

--
-- Table structure for table `cart`
--

CREATE TABLE `cart` (
  `id` int(100) NOT NULL,
  `user_id` int(100) NOT NULL,
  `pid` int(100) NOT NULL,
  `name` varchar(100) NOT NULL,
  `price` int(10) NOT NULL,
  `quantity` int(10) NOT NULL,
  `image` varchar(100) NOT NULL
) ENGINE=InnoDB DEFAULT CHARSET=utf8mb4 COLLATE=utf8mb4_general_ci;

--
-- Dumping data for table `cart`
--

INSERT INTO `cart` (`id`, `user_id`, `pid`, `name`, `price`, `quantity`, `image`) VALUES
(4, 3, 2, 'Laptop', 800, 1, 'laptop-1.webp'),
(5, 3, 1, 'Camera', 645, 1, 'camera-1.webp'),
(6, 3, 3, 'Fridge', 1000, 1, 'fridge-1.webp'),
(7, 3, 4, 'Mixer', 125, 1, 'mixer-1.webp');

-- --------------------------------------------------------

--
-- Table structure for table `category`
--

CREATE TABLE `category` (
  `Category_id` int(11) NOT NULL,
  `Category_name` varchar(256) NOT NULL
) ENGINE=InnoDB DEFAULT CHARSET=utf8mb4 COLLATE=utf8mb4_general_ci;

--
-- Dumping data for table `category`
--

INSERT INTO `category` (`Category_id`, `Category_name`) VALUES
(1, 'laptop'),
(2, 'tv'),
(3, 'consoles'),
(4, 'pcaccessory'),
(5, 'videogames'),
(6, 'headphones'),
(7, 'smartphone'),
(8, 'misc');

-- --------------------------------------------------------

--
-- Table structure for table `messages`
--

CREATE TABLE `messages` (
  `id` int(100) NOT NULL,
  `user_id` int(100) NOT NULL,
  `name` varchar(100) NOT NULL,
  `email` varchar(100) NOT NULL,
  `number` varchar(12) NOT NULL,
  `message` varchar(500) NOT NULL
) ENGINE=InnoDB DEFAULT CHARSET=utf8mb4 COLLATE=utf8mb4_general_ci;

-- --------------------------------------------------------

--
-- Table structure for table `orders`
--

CREATE TABLE `orders` (
  `id` int(100) NOT NULL,
  `user_id` int(100) NOT NULL,
  `name` varchar(20) NOT NULL,
  `number` varchar(10) NOT NULL,
  `email` varchar(50) NOT NULL,
  `method` varchar(50) NOT NULL,
  `address` varchar(500) NOT NULL,
  `total_products` varchar(1000) NOT NULL,
  `total_price` int(100) NOT NULL,
  `placed_on` date NOT NULL DEFAULT current_timestamp(),
  `payment_status` varchar(20) NOT NULL DEFAULT 'pending'
) ENGINE=InnoDB DEFAULT CHARSET=utf8mb4 COLLATE=utf8mb4_general_ci;

-- --------------------------------------------------------

--
-- Table structure for table `products`
--

CREATE TABLE `products` (
  `id` int(100) NOT NULL,
  `name` varchar(100) NOT NULL,
  `details` varchar(500) NOT NULL,
  `price` int(10) NOT NULL,
  `image_01` varchar(100) NOT NULL,
  `image_02` varchar(100) NOT NULL,
  `image_03` varchar(100) NOT NULL,
  `Category_id` int(11) NOT NULL
) ENGINE=InnoDB DEFAULT CHARSET=utf8mb4 COLLATE=utf8mb4_general_ci;

--
-- Dumping data for table `products`
--

INSERT INTO `products` (`id`, `name`, `details`, `price`, `image_01`, `image_02`, `image_03`, `Category_id`) VALUES
(1, 'Camera', 'DSLR camera with 20 MP', 645, 'camera-1.webp', 'camera-2.webp', 'camera-3.webp', 1),
(2, 'Laptop', 'HP laptop with AMD graphics', 800, 'laptop-1.webp', 'laptop-2.webp', 'laptop-3.webp', 2),
(3, 'Fridge', 'SAMSUNG Fridge', 1000, 'fridge-1.webp', 'fridge-2.webp', 'fridge-3.webp', 3),
(4, 'Mixer', 'Mixer BAJAJ', 125, 'mixer-1.webp', 'mixer-2.webp', 'mixer-3.webp', 4),
(5, 'Mouse', 'DELL Mouse', 20, 'mouse-1.webp', 'mouse-2.webp', 'mouse-3.webp', 5),
(6, 'Smart Phone', 'phone with 6000mah battery 50mp camera', 499, 'smartphone-1.webp', 'smartphone-2.webp', 'smartphone-3.webp', 6),
(7, 'TV', '8K HDR', 599, 'tv-01.webp', 'tv-02.webp', 'tv-03.webp', 7),
(8, 'Watch', 'Titan watch', 120, 'watch-1.webp', 'watch-2.webp', 'watch-3.webp', 8),
(9, 'Washing Machine', 'washing machine', 399, 'washing machine-1.webp', 'washing machine-2.webp', 'washing machine-3.webp', 1);

-- --------------------------------------------------------

--
-- Table structure for table `users`
--

CREATE TABLE `users` (
  `id` int(100) NOT NULL,
  `name` varchar(20) NOT NULL,
  `email` varchar(50) NOT NULL,
  `password` varchar(50) NOT NULL
) ENGINE=InnoDB DEFAULT CHARSET=utf8mb4 COLLATE=utf8mb4_general_ci;

--
-- Dumping data for table `users`
--

INSERT INTO `users` (`id`, `name`, `email`, `password`) VALUES
(1, 'Datt ', '19212@oncampus.global', '40bd001563085fc35165329ea1ff5c5ecbdbbeef'),
(3, 'usernametest', 'e@a.com', '9d4e1e23bd5b727046a9e3b4b7db57bd8d6ee684');

-- --------------------------------------------------------

--
-- Table structure for table `wishlist`
--

CREATE TABLE `wishlist` (
  `id` int(100) NOT NULL,
  `user_id` int(100) NOT NULL,
  `pid` int(100) NOT NULL,
  `name` varchar(100) NOT NULL,
  `price` int(100) NOT NULL,
  `image` varchar(100) NOT NULL
) ENGINE=InnoDB DEFAULT CHARSET=utf8mb4 COLLATE=utf8mb4_general_ci;

--
-- Indexes for dumped tables
--

--
-- Indexes for table `admins`
--
ALTER TABLE `admins`
  ADD PRIMARY KEY (`id`);

--
-- Indexes for table `cart`
--
ALTER TABLE `cart`
  ADD PRIMARY KEY (`id`),
  ADD KEY `pid` (`pid`);

--
-- Indexes for table `category`
--
ALTER TABLE `category`
  ADD PRIMARY KEY (`Category_id`);

--
-- Indexes for table `messages`
--
ALTER TABLE `messages`
  ADD PRIMARY KEY (`id`),
  ADD KEY `user_id` (`user_id`);

--
-- Indexes for table `orders`
--
ALTER TABLE `orders`
  ADD PRIMARY KEY (`id`),
  ADD KEY `user_id` (`user_id`);

--
-- Indexes for table `products`
--
ALTER TABLE `products`
  ADD PRIMARY KEY (`id`),
  ADD KEY `Category_id` (`Category_id`);

--
-- Indexes for table `users`
--
ALTER TABLE `users`
  ADD PRIMARY KEY (`id`);

--
-- Indexes for table `wishlist`
--
ALTER TABLE `wishlist`
  ADD PRIMARY KEY (`id`),
  ADD KEY `user_id` (`user_id`),
  ADD KEY `pid` (`pid`);

--
-- AUTO_INCREMENT for dumped tables
--

--
-- AUTO_INCREMENT for table `admins`
--
ALTER TABLE `admins`
  MODIFY `id` int(100) NOT NULL AUTO_INCREMENT, AUTO_INCREMENT=2;

--
-- AUTO_INCREMENT for table `cart`
--
ALTER TABLE `cart`
  MODIFY `id` int(100) NOT NULL AUTO_INCREMENT, AUTO_INCREMENT=8;

--
-- AUTO_INCREMENT for table `messages`
--
ALTER TABLE `messages`
  MODIFY `id` int(100) NOT NULL AUTO_INCREMENT;

--
-- AUTO_INCREMENT for table `orders`
--
ALTER TABLE `orders`
  MODIFY `id` int(100) NOT NULL AUTO_INCREMENT;

--
-- AUTO_INCREMENT for table `products`
--
ALTER TABLE `products`
  MODIFY `id` int(100) NOT NULL AUTO_INCREMENT, AUTO_INCREMENT=10;

--
-- AUTO_INCREMENT for table `users`
--
ALTER TABLE `users`
  MODIFY `id` int(100) NOT NULL AUTO_INCREMENT, AUTO_INCREMENT=4;

--
-- AUTO_INCREMENT for table `wishlist`
--
ALTER TABLE `wishlist`
  MODIFY `id` int(100) NOT NULL AUTO_INCREMENT;

--
-- Constraints for dumped tables
--

--
-- Constraints for table `cart`
--
ALTER TABLE `cart`
  ADD CONSTRAINT `cart_ibfk_1` FOREIGN KEY (`pid`) REFERENCES `products` (`id`);

--
-- Constraints for table `messages`
--
ALTER TABLE `messages`
  ADD CONSTRAINT `messages_ibfk_1` FOREIGN KEY (`user_id`) REFERENCES `users` (`id`);

--
-- Constraints for table `orders`
--
ALTER TABLE `orders`
  ADD CONSTRAINT `orders_ibfk_1` FOREIGN KEY (`user_id`) REFERENCES `users` (`id`);

--
-- Constraints for table `products`
--
ALTER TABLE `products`
  ADD CONSTRAINT `products_ibfk_1` FOREIGN KEY (`Category_id`) REFERENCES `category` (`Category_id`);

--
-- Constraints for table `wishlist`
--
ALTER TABLE `wishlist`
  ADD CONSTRAINT `wishlist_ibfk_1` FOREIGN KEY (`user_id`) REFERENCES `users` (`id`),
  ADD CONSTRAINT `wishlist_ibfk_2` FOREIGN KEY (`pid`) REFERENCES `products` (`id`);
COMMIT;

/*!40101 SET CHARACTER_SET_CLIENT=@OLD_CHARACTER_SET_CLIENT */;
/*!40101 SET CHARACTER_SET_RESULTS=@OLD_CHARACTER_SET_RESULTS */;
/*!40101 SET COLLATION_CONNECTION=@OLD_COLLATION_CONNECTION */;
